parameter,alpha,alpha,alpha,alpha,alpha,alpha,alpha,alpha,alpha,beta,beta,beta,beta,beta,beta,beta,beta,beta
,bias,bias,bias,empse_mcse,empse_mcse,empse_mcse,mse,mse,mse,bias,bias,bias,empse_mcse,empse_mcse,empse_mcse,mse,mse,mse
method_full,MLE (scipy),MRR (bernard),MRR (beta),MLE (scipy),MRR (bernard),MRR (beta),MLE (scipy),MRR (bernard),MRR (beta),MLE (scipy),MRR (bernard),MRR (beta),MLE (scipy),MRR (bernard),MRR (beta),MLE (scipy),MRR (bernard),MRR (beta)
n,,,,,,,,,,,,,,,,,,
10,-0.25130478134813794,-0.1745474020209179,-0.17528361030916462,0.19621452392633776,0.1347261097029899,0.13480123568594604,0.10165423252807479,0.04861792018795401,0.04889571718547305,0.08066764275391147,0.02239774334405653,0.028188457562109304,0.22336676899964567,0.5591242993531719,0.5609676968118984,0.05639998208081376,0.3131216410340817,0.3154793460061769
50,-0.01987524885478975,0.052317257613739176,0.05139083130969735,0.03379344087370905,0.10798472829128603,0.10773237236524191,0.0015370221631246914,0.014397796988365217,0.014247281598144907,-0.012769017817867656,-0.1641485950902517,-0.15981860492329536,0.07742038212475588,0.327752719260213,0.32841889219336806,0.006156963384376242,0.1343666062525674,0.1334009552291475
100,-0.06656267720365694,-0.04967212812190991,-0.05023580426183849,0.1889129480770397,0.15044713703818788,0.15053582685034847,0.04011869194767654,0.025101661355146725,0.02518467119535185,0.10623499526270574,0.08897894196830425,0.09248208156192228,0.07024618341889521,0.2549436347865588,0.25524712548541406,0.01622040050338818,0.07291350903198113,0.07370403047859275
