parameter,alpha,alpha,alpha,alpha,alpha,alpha,alpha,alpha,alpha,beta,beta,beta,beta,beta,beta,beta,beta,beta
,bias,bias,bias,empse_mcse,empse_mcse,empse_mcse,mse,mse,mse,bias,bias,bias,empse_mcse,empse_mcse,empse_mcse,mse,mse,mse
method_full,MLE (scipy),MRR (bernard),MRR (beta),MLE (scipy),MRR (bernard),MRR (beta),MLE (scipy),MRR (bernard),MRR (beta),MLE (scipy),MRR (bernard),MRR (beta),MLE (scipy),MRR (bernard),MRR (beta),MLE (scipy),MRR (bernard),MRR (beta)
n,,,,,,,,,,,,,,,,,,
10,-0.1408164398836247,-0.08007931409863639,-0.0807909495441208,0.10664703086961923,0.15908995478975413,0.15875771188125865,0.031202858934804005,0.03172231026151408,0.03173118861001341,0.10929103604598311,-0.20868560373256062,-0.2041883891544657,0.171060488312212,0.3996029472778979,0.40097253171980396,0.04120622122161679,0.20323219667840578,0.2024718694592847
50,0.008459766465711338,0.022082926633725186,0.021688945158606532,0.08405592449653265,0.09309984495802853,0.09306831035976214,0.007136966091621172,0.00915523677991944,0.009132120735314053,-0.04962000843930736,-0.15807399813015677,-0.15492134359254583,0.08857730334513701,0.007401197678696847,0.007411606470373533,0.010308083905413358,0.025042166611931954,0.024055554610991327
100,0.09260099839167135,0.08686841179987748,0.08659039683867797,0.02985410425875323,0.031145278808711648,0.031150043352692225,0.009466212444226829,0.008516149360705477,0.008468222025554337,-0.08104547690431252,-0.026640524936087373,-0.02420174133560815,0.0575441696869885,0.09491230434760399,0.09508762849366437,0.00987970079161238,0.009718063085442503,0.009627381376224816
