parameter,alpha,alpha,alpha,alpha,alpha,alpha,alpha,alpha,alpha,beta,beta,beta,beta,beta,beta,beta,beta,beta
,bias,bias,bias,empse_mcse,empse_mcse,empse_mcse,mse,mse,mse,bias,bias,bias,empse_mcse,empse_mcse,empse_mcse,mse,mse,mse
method_full,MLE (scipy),MRR (bernard),MRR (beta),MLE (scipy),MRR (bernard),MRR (beta),MLE (scipy),MRR (bernard),MRR (beta),MLE (scipy),MRR (bernard),MRR (beta),MLE (scipy),MRR (bernard),MRR (beta),MLE (scipy),MRR (bernard),MRR (beta)
n,,,,,,,,,,,,,,,,,,
10,-0.20261672665523345,-0.06304153485045205,-0.063859514912457,0.03752109095274636,0.17638180347853138,0.17638018487061613,0.04246137018676585,0.035084775714640026,0.03518800725984704,-0.33181865034112046,-0.6899002579723197,-0.6846602693720752,0.043655040154319424,0.4024895534146435,0.4041232172700181,0.112009379245078,0.6379602065581924,0.632075259193313
50,-0.15467075848868883,-0.14269441007664474,-0.1432162513715043,0.15558094047147475,0.13666563084351369,0.1365990559400081,0.04812847256945488,0.03903918932097721,0.039170196740607365,0.2424661132164374,0.14286120256449797,0.14888107539760265,0.30234199113288396,0.18499882068501794,0.18539704260046586,0.15020049566048313,0.054633886853021944,0.05653763801654559
100,0.031550273228410974,0.05723461356459714,0.056707604945563705,0.09382157524983525,0.11605011330297321,0.11600917155209743,0.009797907723147885,0.016743429787521687,0.016673880342866095,0.0205710098685985,-0.09548634798103617,-0.09134855309185697,0.08768348322469177,0.0013942789378869056,0.001467702462184972,0.00811155967742878,0.009119586664512165,0.008346712302493314
