parameter,alpha,alpha,alpha,alpha,alpha,alpha,alpha,alpha,alpha,beta,beta,beta,beta,beta,beta,beta,beta,beta
,bias,bias,bias,empse_mcse,empse_mcse,empse_mcse,mse,mse,mse,bias,bias,bias,empse_mcse,empse_mcse,empse_mcse,mse,mse,mse
method_full,MLE (scipy),MRR (bernard),MRR (beta),MLE (scipy),MRR (bernard),MRR (beta),MLE (scipy),MRR (bernard),MRR (beta),MLE (scipy),MRR (bernard),MRR (beta),MLE (scipy),MRR (bernard),MRR (beta),MLE (scipy),MRR (bernard),MRR (beta)
n,,,,,,,,,,,,,,,,,,
10,0.2541074078971304,0.26667867349734653,0.2663811639801872,0.093767390874407,0.09888450386053547,0.09880623350844076,0.07336289833959242,0.08089566000204862,0.0807215963035639,1.6348148168164178,0.9708627193537742,0.9824491109995905,0.5795913578298887,0.6001371316930904,0.6020572901211463,3.008545627353592,1.3027389966678151,1.3276792362919039
50,-0.02376942297599305,-0.01851746439150015,-0.01873036433585712,0.043385638284290984,0.04212537817330053,0.04213805845515844,0.0024472990779470017,0.002117443973734061,0.0021264425185242982,0.007464806275300662,-0.11956296296134306,-0.11398668739352114,0.18273481926631494,0.15148264747047802,0.15175262867062833,0.03344773750502056,0.037242294596760615,0.03602182521139392
100,-0.018158870073931355,-0.004205682277201361,-0.004384986981002481,0.0016138413649485759,0.007669773521187417,0.007651565020026229,0.0003323490463131388,7.651318928307326e-05,7.777455807925024e-05,0.02485806415059244,-0.18806216374429496,-0.18408813623954656,0.023262894875006875,0.1394344570050201,0.13961726067003674,0.0011590856312805905,0.05480934523247081,0.053381421381154856
