parameter,alpha,alpha,alpha,alpha,alpha,alpha,alpha,alpha,alpha,beta,beta,beta,beta,beta,beta,beta,beta,beta
,bias,bias,bias,empse_mcse,empse_mcse,empse_mcse,mse,mse,mse,bias,bias,bias,empse_mcse,empse_mcse,empse_mcse,mse,mse,mse
method_full,MLE (scipy),MRR (bernard),MRR (beta),MLE (scipy),MRR (bernard),MRR (beta),MLE (scipy),MRR (bernard),MRR (beta),MLE (scipy),MRR (bernard),MRR (beta),MLE (scipy),MRR (bernard),MRR (beta),MLE (scipy),MRR (bernard),MRR (beta)
n,,,,,,,,,,,,,,,,,,
10,0.17705333558901204,0.17800545444156868,0.177692691621113,0.11853744954719136,0.11869745378716512,0.11876686278349945,0.045399010588348256,0.045775027346505584,0.045680260350990556,0.643389526606335,0.7292875697535055,0.7378703064626954,0.8443996257166394,0.9139255005917625,0.9168663539207433,1.1269608108571247,1.367120180028878,1.3850965001112698
50,-0.032190321308443126,-0.022744246764636156,-0.02299492735460401,0.03381457789001563,0.03338112101895385,0.03337715273520875,0.0021796424638207417,0.0016316000013727049,0.0016428010087529686,0.053530935335829644,-0.09694164952532869,-0.09256711413959628,0.13075682703753064,0.1272176668009436,0.12759038585784888,0.019962908854851486,0.025582018158967566,0.02484797718348781
100,-0.0005929651633005406,0.0026085294032611173,0.0024106867135059162,0.009712427149896062,0.006912408599321573,0.006921682089959746,9.468284882692621e-05,5.458581829165264e-05,5.372109338514348e-05,0.00022734492569020937,-0.030240884428625936,-0.02694016551820555,0.0033593205707835856,0.028791939261990418,0.028787282504683098,1.1336720412526845e-05,0.001743486857491656,0.001554480152152745
