parameter,alpha,alpha,alpha,alpha,alpha,alpha,alpha,alpha,alpha,beta,beta,beta,beta,beta,beta,beta,beta,beta
,bias,bias,bias,empse_mcse,empse_mcse,empse_mcse,mse,mse,mse,bias,bias,bias,empse_mcse,empse_mcse,empse_mcse,mse,mse,mse
method_full,MLE (scipy),MRR (bernard),MRR (beta),MLE (scipy),MRR (bernard),MRR (beta),MLE (scipy),MRR (bernard),MRR (beta),MLE (scipy),MRR (bernard),MRR (beta),MLE (scipy),MRR (bernard),MRR (beta),MLE (scipy),MRR (bernard),MRR (beta)
n,,,,,,,,,,,,,,,,,,
10,-0.28550042580759294,-0.1808793923213703,-0.18215110495231968,0.08923090694316704,0.14282687291152363,0.14276947867798784,0.08947264789021701,0.05311687019223271,0.053562149077335405,0.18195763985350633,-0.31926539770756335,-0.3152051439257082,0.3398766728990705,0.064708886778701,0.06497126968068323,0.1486247354820001,0.10611763420150734,0.10357554864114649
50,-0.03724736178753041,-0.027570928683616325,-0.028236819039869188,0.07784423668012241,0.07273000816668973,0.07266280288898773,0.007447091144442096,0.006049810196403813,0.006077200873174204,0.10390395728289048,0.06124418815994159,0.06492926029766577,0.11049772483000884,0.13456565369853676,0.1349151791390245,0.023005779531653087,0.02185876573868486,0.02241791440491711
100,-0.12020840593347748,-0.10171562474114992,-0.10225233615990137,0.08126936017257325,0.08448760120815169,0.08451118605029194,0.02105476975992714,0.017484223074390105,0.017597680817784532,-0.011956019288556163,-0.05360691530885431,-0.05113354514622892,0.13716086552720963,0.08396759633441196,0.08407959056637426,0.01895604942940161,0.009924258603109434,0.009684016989030564
